{    "Eye": [200, 200, 1000],
    "Lights": [
        {
            "position": [-200, 600, 1500],
            "color": [0.4, 0.4, 0.8]
        }
    ],
    "Objects": [
        {
            "type": "sphere",
            "comment": "Blue sphere",
            "position": [90, 320, 100],
            "radius": 50,
            "material":
            {
                "color": [0.0, 0.0, 1.0],
                "ka": 0.2,
                "kd": 0.7,
                "ks": 0.5,
                "n": 64
            }
        },
        {
            "type": "sphere",
            "comment": "Green sphere",
            "position": [210, 270, 300],
            "radius": 50,
            "material":
            {
                "color": [0.0, 1.0, 0.0],
                "ka": 0.2,
                "kd": 0.3,
                "ks": 0.5,
                "n": 8
            }
        },
        {
            "type": "sphere",
            "comment": "Red sphere",
            "position": [290, 170, 150],
            "radius": 50,
            "material":
            {
                "color": [1.0, 0.0, 0.0],
                "ka": 0.2,
                "kd": 0.7,
                "ks": 0.8,
                "n": 32
            }
        },
        {
            "type": "sphere",
            "comment": "Earth sphere",
            "position": [140, 220, 400],
            "radius": 50,
            "rotation": [0,1,0.7],
            "angle": 90,
            "material":
            {
                "comment": "image is relative to scene file here!",
                "color": "earthmap1k.png",
                "ka": 0.2,
                "kd": 0.8,
                "ks": 0.0,
                "n": 1
            }
        },
        {
            "type": "sphere",
            "comment": "Orange sphere",
            "position": [110, 130, 200],
            "radius": 50,
            "material":
            {
                "color": [1.0, 0.5, 0.0],
                "ka": 0.2,
                "kd": 0.8,
                "ks": 0.5,
                "n": 32
            }
        },
        {
            "type": "sphere",
            "comment": "Grey sphere",
            "position": [200, 200, -1000],
            "radius": 1000,
            "material":
            {
                "color": [0.4, 0.4, 0.4],
                "ka": 0.2,
                "kd": 0.8,
                "ks": 0,
                "n": 1
            }
        }
    ]
}
