{
    "Eye": [100, 100, 1000],
    "Shadows": true,
    "MaxRecursionDepth": 3,
    "SuperSamplingFactor": 6,
    "Resolution": 600,
    "Lights": [
        {
            "position": [-200, 600, 1500],
            "color": [0.4, 0.4, 0.8]
        },
        {
            "position": [600, 600, 1500],
            "color": [0.8, 0.8, 0.4]
        },
        {
            "position": [200, -400, 1500],
            "color": [0.9, 0.3, 0.3]
        }
    ],
    "Objects": [
        {
            "type": "sphere",
            "comment": "Blue sphere",
            "position": [90, 320, 100],
            "radius": 50,
            "material":
            {
                "color": [0.0, 0.0, 1.0],
                "ka": 0.1,
                "kd": 0.5,
                "ks": 0.5,
                "n": 64
            }
        },
        {
            "type": "sphere",
            "comment": "Green sphere",
            "position": [210, 270, 300],
            "radius": 45,
            "rotation": [0.7,0.7,0.0],
            "angle": 50,
            "material":
            {
                "color": [0.7, 0.7, 0.0],
                "bumpmap": "../Scenes2/bumpmap1.png",
                "ka": 0.1,
                "kd": 0.2,
                "ks": 0.5,
                "n": 8
            }
        },
        {
            "type": "sphere",
            "comment": "mirror sphere",
            "position": [290, 170, 150],
            "radius": 50,
            "material":
            {
                "color": [1.0, 1.0, 1.0],
                "ka": 0.0,
                "kd": 0.0,
                "ks": 1.0,
                "n": 1000
            }
        },
        {
            "type": "sphere",
            "comment": "Eye sphere",
            "position": [140, 220, 400],
            "radius": 50,
            "rotation": [0.2, 0.7 ,0.2],
            "angle": 30,
            "material":
            {
                "comment": "image is relative to scene file here!",
                "color": "../Scenes2/eyetexture.png",
                "bumpmap": "../Scenes2/bumpmap2.png",
                "ka": 0.1,
                "kd": 0.6,
                "ks": 0.0,
                "n": 1
            }
        },
        {
            "type": "sphere",
            "comment": "Orange sphere",
            "position": [110, 130, 200],
            "radius": 50,
            "material":
            {
                "color": [1.0, 0.5, 0.0],
                "ka": 0.1,
                "kd": 0.6,
                "ks": 0.5,
                "n": 32
            }
        },
        {
            "type": "sphere",
            "comment": "Grey sphere",
            "position": [200, 200, -1000],
            "radius": 1000,
            "material":
            {
                "color": [0.4, 0.4, 0.4],
                "ka": 0.1,
                "kd": 0.6,
                "ks": 0,
                "n": 1
            }
        }
    ]
}
