{
    "Eye": [200, 200, 1000],
    "Lights": [{
        "position": [-1000, 600, 500],
        "color": [1.0, 1.0, 1.0]
    }],
    "Objects": [
        {
            "type": "sphere",
            "comment": "Red Sphere",
            "position": [90, 320, -100],
            "radius": 60,
            "material": {
                "color": [1.0, 0.0, 0.0],
                "ka": 0.2,
                "kd": 0.7,
                "ks": 0.8,
                "n": 32
            }
        },
        {
            "type": "cylinder",
	    "pos1": [290, 100, -150],
	    "pos2": [290, 230, -150],
            "radius": 60,
            "material": {
                "color": [1.0, 0.0, 0.0],
                "ka": 0.2,
                "kd": 0.7,
                "ks": 0.8,
                "n": 32
            }
        },
        {
            "type": "plane",
            "comment": "Red Sphere",
	    "pos1": [290, 100, -150],
	    "normal": [0.0, 0.0, -1.0],
            "material": {
                "color": [1.0, 0.0, 1.0],
                "ka": 0.2,
                "kd": 0.7,
                "ks": 0.8,
                "n": 1
            }
        }
    ]
}